year,output_gap
1986,1.08
1987,2.76
1988,3.43
1989,4.02
1990,2.3
1991,-0.86
1992,-2.28
1993,-2.1
1994,-1.33
1995,-1.94
1996,-2.57
1997,-1.04
1998,-0.86
1999,-0.88
2000,0.46
2001,0.26
2002,-0.55
2003,0.09
2004,0.17
2005,0.79
2006,1.38
2007,2.55
2008,1.17
2009,-4.44
2010,-3.33
2011,-3.45
2012,-3.42
2013,-3.3
2014,-1.94
2015,-1.53
2016,-1.35
2017,-0.29
2018,-0.31
2019,-0.04
2020,-3.59
2021,0.53
2022,1.81
